run_date,start,end,depart,return,total,currency
2026-09-23,SIN,NRT,2027-03-18,2027-03-26,534.0,$271
2026-09-23,SIN,NRT,2027-03-19,2027-03-26,534.0,$271
2026-09-23,SIN,NRT,2027-03-18,2027-03-27,537.0,$271
2026-09-23,SIN,NRT,2027-03-18,2027-03-29,537.0,$271
2026-09-23,SIN,NRT,2027-03-18,2027-03-30,537.0,$271
2026-09-23,SIN,NRT,2027-03-19,2027-03-27,537.0,$271
2026-09-23,SIN,NRT,2027-03-19,2027-03-29,537.0,$271
2026-09-23,SIN,NRT,2027-03-19,2027-03-30,537.0,$271
2026-09-23,SIN,NRT,2027-03-20,2027-03-26,554.0,$291
2026-09-23,SIN,NRT,2027-03-20,2027-03-27,557.0,$291
2026-09-23,SIN,NRT,2027-03-20,2027-03-29,557.0,$291
2026-09-23,SIN,NRT,2027-03-20,2027-03-30,557.0,$291
2026-09-23,SIN,NRT,2027-03-21,2027-03-26,597.0,$334
2026-09-23,SIN,NRT,2027-03-22,2027-03-26,597.0,$334
2026-09-23,SIN,NRT,2027-03-21,2027-03-27,600.0,$334
2026-09-23,SIN,NRT,2027-03-21,2027-03-29,600.0,$334
2026-09-23,SIN,NRT,2027-03-21,2027-03-30,600.0,$334
2026-09-23,SIN,NRT,2027-03-22,2027-03-27,600.0,$334
2026-09-23,SIN,NRT,2027-03-22,2027-03-29,600.0,$334
2026-09-23,SIN,NRT,2027-03-22,2027-03-30,600.0,$334
2026-09-23,SIN,NRT,2027-03-18,2027-03-28,702.0,$271
2026-09-23,SIN,NRT,2027-03-19,2027-03-28,702.0,$271
2026-09-23,SIN,NRT,2027-03-20,2027-03-28,722.0,$291
2026-09-23,SIN,NRT,2027-03-21,2027-03-28,765.0,$334
2026-09-23,SIN,NRT,2027-03-22,2027-03-28,765.0,$334
2026-09-24,SIN,NRT,2027-03-18,2027-03-26,533.0,$270
2026-09-24,SIN,NRT,2027-03-19,2027-03-26,533.0,$270
2026-09-24,SIN,NRT,2027-03-18,2027-03-27,535.0,$270
2026-09-24,SIN,NRT,2027-03-18,2027-03-29,535.0,$270
2026-09-24,SIN,NRT,2027-03-18,2027-03-30,535.0,$270
2026-09-24,SIN,NRT,2027-03-19,2027-03-27,535.0,$270
2026-09-24,SIN,NRT,2027-03-19,2027-03-29,535.0,$270
2026-09-24,SIN,NRT,2027-03-19,2027-03-30,535.0,$270
2026-09-24,SIN,NRT,2027-03-20,2027-03-26,553.0,$290
2026-09-24,SIN,NRT,2027-03-20,2027-03-27,555.0,$290
2026-09-24,SIN,NRT,2027-03-20,2027-03-29,555.0,$290
2026-09-24,SIN,NRT,2027-03-20,2027-03-30,555.0,$290
2026-09-24,SIN,NRT,2027-03-21,2027-03-26,596.0,$333
2026-09-24,SIN,NRT,2027-03-22,2027-03-26,596.0,$333
2026-09-24,SIN,NRT,2027-03-21,2027-03-27,598.0,$333
2026-09-24,SIN,NRT,2027-03-21,2027-03-29,598.0,$333
2026-09-24,SIN,NRT,2027-03-21,2027-03-30,598.0,$333
2026-09-24,SIN,NRT,2027-03-22,2027-03-27,598.0,$333
2026-09-24,SIN,NRT,2027-03-22,2027-03-29,598.0,$333
2026-09-24,SIN,NRT,2027-03-22,2027-03-30,598.0,$333
2026-09-24,SIN,NRT,2027-03-18,2027-03-28,700.0,$270
2026-09-24,SIN,NRT,2027-03-19,2027-03-28,700.0,$270
2026-09-24,SIN,NRT,2027-03-20,2027-03-28,720.0,$290
2026-09-24,SIN,NRT,2027-03-21,2027-03-28,763.0,$333
2026-09-24,SIN,NRT,2027-03-22,2027-03-28,763.0,$333
2026-09-25,SIN,NRT,2027-03-18,2027-03-26,532.0,$270
2026-09-25,SIN,NRT,2027-03-19,2027-03-26,532.0,$270
2026-09-25,SIN,NRT,2027-03-18,2027-03-27,535.0,$270
2026-09-25,SIN,NRT,2027-03-18,2027-03-29,535.0,$270
2026-09-25,SIN,NRT,2027-03-18,2027-03-30,535.0,$270
2026-09-25,SIN,NRT,2027-03-19,2027-03-27,535.0,$270
2026-09-25,SIN,NRT,2027-03-19,2027-03-29,535.0,$270
2026-09-25,SIN,NRT,2027-03-19,2027-03-30,535.0,$270
2026-09-25,SIN,NRT,2027-03-20,2027-03-26,553.0,$291
2026-09-25,SIN,NRT,2027-03-20,2027-03-27,556.0,$291
2026-09-25,SIN,NRT,2027-03-20,2027-03-29,556.0,$291
2026-09-25,SIN,NRT,2027-03-20,2027-03-30,556.0,$291
2026-09-25,SIN,NRT,2027-03-21,2027-03-26,595.0,$333
2026-09-25,SIN,NRT,2027-03-22,2027-03-26,595.0,$333
2026-09-25,SIN,NRT,2027-03-21,2027-03-27,598.0,$333
2026-09-25,SIN,NRT,2027-03-21,2027-03-29,598.0,$333
2026-09-25,SIN,NRT,2027-03-21,2027-03-30,598.0,$333
2026-09-25,SIN,NRT,2027-03-22,2027-03-27,598.0,$333
2026-09-25,SIN,NRT,2027-03-22,2027-03-29,598.0,$333
2026-09-25,SIN,NRT,2027-03-22,2027-03-30,598.0,$333
2026-09-25,SIN,NRT,2027-03-18,2027-03-28,699.0,$270
2026-09-25,SIN,NRT,2027-03-19,2027-03-28,699.0,$270
2026-09-25,SIN,NRT,2027-03-20,2027-03-28,720.0,$291
2026-09-25,SIN,NRT,2027-03-21,2027-03-28,762.0,$333
2026-09-25,SIN,NRT,2027-03-22,2027-03-28,762.0,$333
2026-09-26,SIN,NRT,2027-03-18,2027-03-26,507.0,$271
2026-09-26,SIN,NRT,2027-03-19,2027-03-26,507.0,$271
2026-09-26,SIN,NRT,2027-03-20,2027-03-26,527.0,$291
2026-09-26,SIN,NRT,2027-03-22,2027-03-26,527.0,$291
2026-09-26,SIN,NRT,2027-03-18,2027-03-27,538.0,$271
2026-09-26,SIN,NRT,2027-03-18,2027-03-29,538.0,$271
2026-09-26,SIN,NRT,2027-03-18,2027-03-30,538.0,$271
2026-09-26,SIN,NRT,2027-03-19,2027-03-27,538.0,$271
2026-09-26,SIN,NRT,2027-03-19,2027-03-29,538.0,$271
2026-09-26,SIN,NRT,2027-03-19,2027-03-30,538.0,$271
2026-09-26,SIN,NRT,2027-03-20,2027-03-27,558.0,$291
2026-09-26,SIN,NRT,2027-03-20,2027-03-29,558.0,$291
2026-09-26,SIN,NRT,2027-03-20,2027-03-30,558.0,$291
2026-09-26,SIN,NRT,2027-03-22,2027-03-27,558.0,$291
2026-09-26,SIN,NRT,2027-03-22,2027-03-29,558.0,$291
2026-09-26,SIN,NRT,2027-03-22,2027-03-30,558.0,$291
2026-09-26,SIN,NRT,2027-03-21,2027-03-26,569.0,$333
2026-09-26,SIN,NRT,2027-03-21,2027-03-27,600.0,$333
2026-09-26,SIN,NRT,2027-03-21,2027-03-29,600.0,$333
2026-09-26,SIN,NRT,2027-03-21,2027-03-30,600.0,$333
2026-09-26,SIN,NRT,2027-03-18,2027-03-28,703.0,$271
2026-09-26,SIN,NRT,2027-03-19,2027-03-28,703.0,$271
2026-09-26,SIN,NRT,2027-03-20,2027-03-28,723.0,$291
2026-09-26,SIN,NRT,2027-03-22,2027-03-28,723.0,$291
2026-09-26,SIN,NRT,2027-03-21,2027-03-28,765.0,$333
2026-09-27,SIN,NRT,2027-03-18,2027-03-26,507.0,$271
2026-09-27,SIN,NRT,2027-03-19,2027-03-26,507.0,$271
2026-09-27,SIN,NRT,2027-03-22,2027-03-26,527.0,$291
2026-09-27,SIN,NRT,2027-03-18,2027-03-27,538.0,$271
2026-09-27,SIN,NRT,2027-03-18,2027-03-29,538.0,$271
2026-09-27,SIN,NRT,2027-03-18,2027-03-30,538.0,$271
2026-09-27,SIN,NRT,2027-03-19,2027-03-27,538.0,$271
2026-09-27,SIN,NRT,2027-03-19,2027-03-29,538.0,$271
2026-09-27,SIN,NRT,2027-03-19,2027-03-30,538.0,$271
2026-09-27,SIN,NRT,2027-03-22,2027-03-27,558.0,$291
2026-09-27,SIN,NRT,2027-03-22,2027-03-29,558.0,$291
2026-09-27,SIN,NRT,2027-03-22,2027-03-30,558.0,$291
2026-09-27,SIN,NRT,2027-03-20,2027-03-26,569.0,$333
2026-09-27,SIN,NRT,2027-03-21,2027-03-26,569.0,$333
2026-09-27,SIN,NRT,2027-03-20,2027-03-27,600.0,$333
2026-09-27,SIN,NRT,2027-03-20,2027-03-29,600.0,$333
2026-09-27,SIN,NRT,2027-03-20,2027-03-30,600.0,$333
2026-09-27,SIN,NRT,2027-03-21,2027-03-27,600.0,$333
2026-09-27,SIN,NRT,2027-03-21,2027-03-29,600.0,$333
2026-09-27,SIN,NRT,2027-03-21,2027-03-30,600.0,$333
2026-09-27,SIN,NRT,2027-03-18,2027-03-28,703.0,$271
2026-09-27,SIN,NRT,2027-03-19,2027-03-28,703.0,$271
2026-09-27,SIN,NRT,2027-03-22,2027-03-28,723.0,$291
2026-09-27,SIN,NRT,2027-03-20,2027-03-28,765.0,$333
2026-09-27,SIN,NRT,2027-03-21,2027-03-28,765.0,$333
2026-09-28,SIN,NRT,2027-03-18,2027-03-26,506.0,$271
2026-09-28,SIN,NRT,2027-03-19,2027-03-26,506.0,$271
2026-09-28,SIN,NRT,2027-03-22,2027-03-26,526.0,$291
2026-09-28,SIN,NRT,2027-03-18,2027-03-27,537.0,$271
2026-09-28,SIN,NRT,2027-03-18,2027-03-29,537.0,$271
2026-09-28,SIN,NRT,2027-03-18,2027-03-30,537.0,$271
2026-09-28,SIN,NRT,2027-03-19,2027-03-27,537.0,$271
2026-09-28,SIN,NRT,2027-03-19,2027-03-29,537.0,$271
2026-09-28,SIN,NRT,2027-03-19,2027-03-30,537.0,$271
2026-09-28,SIN,NRT,2027-03-22,2027-03-27,557.0,$291
2026-09-28,SIN,NRT,2027-03-22,2027-03-29,557.0,$291
2026-09-28,SIN,NRT,2027-03-22,2027-03-30,557.0,$291
2026-09-28,SIN,NRT,2027-03-20,2027-03-26,568.0,$333
2026-09-28,SIN,NRT,2027-03-21,2027-03-26,568.0,$333
2026-09-28,SIN,NRT,2027-03-20,2027-03-27,599.0,$333
2026-09-28,SIN,NRT,2027-03-20,2027-03-29,599.0,$333
2026-09-28,SIN,NRT,2027-03-20,2027-03-30,599.0,$333
2026-09-28,SIN,NRT,2027-03-21,2027-03-27,599.0,$333
2026-09-28,SIN,NRT,2027-03-21,2027-03-29,599.0,$333
2026-09-28,SIN,NRT,2027-03-21,2027-03-30,599.0,$333
2026-09-28,SIN,NRT,2027-03-18,2027-03-28,701.0,$271
2026-09-28,SIN,NRT,2027-03-19,2027-03-28,701.0,$271
2026-09-28,SIN,NRT,2027-03-22,2027-03-28,721.0,$291
2026-09-28,SIN,NRT,2027-03-20,2027-03-28,763.0,$333
2026-09-28,SIN,NRT,2027-03-21,2027-03-28,763.0,$333
2026-09-29,SIN,NRT,2027-03-18,2027-03-26,506.0,$270
2026-09-29,SIN,NRT,2027-03-19,2027-03-26,506.0,$270
2026-09-29,SIN,NRT,2027-03-22,2027-03-26,527.0,$291
2026-09-29,SIN,NRT,2027-03-18,2027-03-27,536.0,$270
2026-09-29,SIN,NRT,2027-03-18,2027-03-30,536.0,$270
2026-09-29,SIN,NRT,2027-03-19,2027-03-27,536.0,$270
2026-09-29,SIN,NRT,2027-03-19,2027-03-30,536.0,$270
2026-09-29,SIN,NRT,2027-03-22,2027-03-27,557.0,$291
2026-09-29,SIN,NRT,2027-03-22,2027-03-30,557.0,$291
2026-09-29,SIN,NRT,2027-03-20,2027-03-26,569.0,$333
2026-09-29,SIN,NRT,2027-03-21,2027-03-26,569.0,$333
2026-09-29,SIN,NRT,2027-03-20,2027-03-27,599.0,$333
2026-09-29,SIN,NRT,2027-03-20,2027-03-30,599.0,$333
2026-09-29,SIN,NRT,2027-03-21,2027-03-27,599.0,$333
2026-09-29,SIN,NRT,2027-03-21,2027-03-30,599.0,$333
2026-09-29,SIN,NRT,2027-03-18,2027-03-28,701.0,$270
2026-09-29,SIN,NRT,2027-03-19,2027-03-28,701.0,$270
2026-09-29,SIN,NRT,2027-03-22,2027-03-28,722.0,$291
2026-09-29,SIN,NRT,2027-03-20,2027-03-28,764.0,$333
2026-09-29,SIN,NRT,2027-03-21,2027-03-28,764.0,$333
2026-09-29,SIN,NRT,2027-03-18,2027-03-29,1609.0,$270
2026-09-29,SIN,NRT,2027-03-19,2027-03-29,1609.0,$270
2026-09-29,SIN,NRT,2027-03-22,2027-03-29,1630.0,$291
2026-09-29,SIN,NRT,2027-03-20,2027-03-29,1672.0,$333
2026-09-29,SIN,NRT,2027-03-21,2027-03-29,1672.0,$333
2026-09-30,SIN,NRT,2027-03-18,2027-03-26,507.0,$271
2026-09-30,SIN,NRT,2027-03-19,2027-03-26,507.0,$271
2026-09-30,SIN,NRT,2027-03-22,2027-03-26,527.0,$291
2026-09-30,SIN,NRT,2027-03-18,2027-03-27,538.0,$271
2026-09-30,SIN,NRT,2027-03-18,2027-03-29,538.0,$271
2026-09-30,SIN,NRT,2027-03-18,2027-03-30,538.0,$271
2026-09-30,SIN,NRT,2027-03-19,2027-03-27,538.0,$271
2026-09-30,SIN,NRT,2027-03-19,2027-03-29,538.0,$271
2026-09-30,SIN,NRT,2027-03-19,2027-03-30,538.0,$271
2026-09-30,SIN,NRT,2027-03-22,2027-03-27,558.0,$291
2026-09-30,SIN,NRT,2027-03-22,2027-03-29,558.0,$291
2026-09-30,SIN,NRT,2027-03-22,2027-03-30,558.0,$291
2026-09-30,SIN,NRT,2027-03-20,2027-03-26,569.0,$333
2026-09-30,SIN,NRT,2027-03-21,2027-03-26,569.0,$333
2026-09-30,SIN,NRT,2027-03-20,2027-03-27,600.0,$333
2026-09-30,SIN,NRT,2027-03-20,2027-03-29,600.0,$333
2026-09-30,SIN,NRT,2027-03-20,2027-03-30,600.0,$333
2026-09-30,SIN,NRT,2027-03-21,2027-03-27,600.0,$333
2026-09-30,SIN,NRT,2027-03-21,2027-03-29,600.0,$333
2026-09-30,SIN,NRT,2027-03-21,2027-03-30,600.0,$333
2026-09-30,SIN,NRT,2027-03-18,2027-03-28,703.0,$271
2026-09-30,SIN,NRT,2027-03-19,2027-03-28,703.0,$271
2026-09-30,SIN,NRT,2027-03-22,2027-03-28,723.0,$291
2026-09-30,SIN,NRT,2027-03-20,2027-03-28,765.0,$333
2026-09-30,SIN,NRT,2027-03-21,2027-03-28,765.0,$333
2026-10-01,SIN,NRT,2027-03-18,2027-03-26,506.0,$272
2026-10-01,SIN,NRT,2027-03-19,2027-03-26,506.0,$272
2026-10-01,SIN,NRT,2027-03-22,2027-03-26,527.0,$293
2026-10-01,SIN,NRT,2027-03-18,2027-03-27,537.0,$272
2026-10-01,SIN,NRT,2027-03-18,2027-03-29,537.0,$272
2026-10-01,SIN,NRT,2027-03-18,2027-03-30,537.0,$272
2026-10-01,SIN,NRT,2027-03-19,2027-03-27,537.0,$272
2026-10-01,SIN,NRT,2027-03-19,2027-03-29,537.0,$272
2026-10-01,SIN,NRT,2027-03-19,2027-03-30,537.0,$272
2026-10-01,SIN,NRT,2027-03-22,2027-03-27,558.0,$293
2026-10-01,SIN,NRT,2027-03-22,2027-03-29,558.0,$293
2026-10-01,SIN,NRT,2027-03-22,2027-03-30,558.0,$293
2026-10-01,SIN,NRT,2027-03-20,2027-03-26,569.0,$335
2026-10-01,SIN,NRT,2027-03-21,2027-03-26,569.0,$335
2026-10-01,SIN,NRT,2027-03-20,2027-03-27,600.0,$335
2026-10-01,SIN,NRT,2027-03-20,2027-03-29,600.0,$335
2026-10-01,SIN,NRT,2027-03-20,2027-03-30,600.0,$335
2026-10-01,SIN,NRT,2027-03-21,2027-03-27,600.0,$335
2026-10-01,SIN,NRT,2027-03-21,2027-03-29,600.0,$335
2026-10-01,SIN,NRT,2027-03-21,2027-03-30,600.0,$335
2026-10-01,SIN,NRT,2027-03-18,2027-03-28,701.0,$272
2026-10-01,SIN,NRT,2027-03-19,2027-03-28,701.0,$272
2026-10-01,SIN,NRT,2027-03-22,2027-03-28,722.0,$293
2026-10-01,SIN,NRT,2027-03-20,2027-03-28,764.0,$335
2026-10-01,SIN,NRT,2027-03-21,2027-03-28,764.0,$335
2026-10-02,SIN,NRT,2027-03-18,2027-03-26,507.0,$272
2026-10-02,SIN,NRT,2027-03-19,2027-03-26,507.0,$272
2026-10-02,SIN,NRT,2027-03-22,2027-03-26,528.0,$293
2026-10-02,SIN,NRT,2027-03-18,2027-03-27,538.0,$272
2026-10-02,SIN,NRT,2027-03-18,2027-03-29,538.0,$272
2026-10-02,SIN,NRT,2027-03-18,2027-03-30,538.0,$272
2026-10-02,SIN,NRT,2027-03-19,2027-03-27,538.0,$272
2026-10-02,SIN,NRT,2027-03-19,2027-03-29,538.0,$272
2026-10-02,SIN,NRT,2027-03-19,2027-03-30,538.0,$272
2026-10-02,SIN,NRT,2027-03-22,2027-03-27,559.0,$293
2026-10-02,SIN,NRT,2027-03-22,2027-03-29,559.0,$293
2026-10-02,SIN,NRT,2027-03-22,2027-03-30,559.0,$293
2026-10-02,SIN,NRT,2027-03-20,2027-03-26,570.0,$335
2026-10-02,SIN,NRT,2027-03-21,2027-03-26,570.0,$335
2026-10-02,SIN,NRT,2027-03-20,2027-03-27,601.0,$335
2026-10-02,SIN,NRT,2027-03-20,2027-03-29,601.0,$335
2026-10-02,SIN,NRT,2027-03-20,2027-03-30,601.0,$335
2026-10-02,SIN,NRT,2027-03-21,2027-03-27,601.0,$335
2026-10-02,SIN,NRT,2027-03-21,2027-03-29,601.0,$335
2026-10-02,SIN,NRT,2027-03-21,2027-03-30,601.0,$335
2026-10-02,SIN,NRT,2027-03-18,2027-03-28,702.0,$272
2026-10-02,SIN,NRT,2027-03-19,2027-03-28,702.0,$272
2026-10-02,SIN,NRT,2027-03-22,2027-03-28,723.0,$293
2026-10-02,SIN,NRT,2027-03-20,2027-03-28,765.0,$335
2026-10-02,SIN,NRT,2027-03-21,2027-03-28,765.0,$335
2026-10-03,SIN,NRT,2027-03-18,2027-03-26,508.0,$273
2026-10-03,SIN,NRT,2027-03-19,2027-03-26,508.0,$273
2026-10-03,SIN,NRT,2027-03-22,2027-03-26,528.0,$293
2026-10-03,SIN,NRT,2027-03-18,2027-03-27,539.0,$273
2026-10-03,SIN,NRT,2027-03-18,2027-03-29,539.0,$273
2026-10-03,SIN,NRT,2027-03-18,2027-03-30,539.0,$273
2026-10-03,SIN,NRT,2027-03-19,2027-03-27,539.0,$273
2026-10-03,SIN,NRT,2027-03-19,2027-03-29,539.0,$273
2026-10-03,SIN,NRT,2027-03-19,2027-03-30,539.0,$273
2026-10-03,SIN,NRT,2027-03-22,2027-03-27,559.0,$293
2026-10-03,SIN,NRT,2027-03-22,2027-03-29,559.0,$293
2026-10-03,SIN,NRT,2027-03-22,2027-03-30,559.0,$293
2026-10-03,SIN,NRT,2027-03-20,2027-03-26,570.0,$335
2026-10-03,SIN,NRT,2027-03-21,2027-03-26,570.0,$335
2026-10-03,SIN,NRT,2027-03-20,2027-03-27,601.0,$335
2026-10-03,SIN,NRT,2027-03-20,2027-03-29,601.0,$335
2026-10-03,SIN,NRT,2027-03-20,2027-03-30,601.0,$335
2026-10-03,SIN,NRT,2027-03-21,2027-03-27,601.0,$335
2026-10-03,SIN,NRT,2027-03-21,2027-03-29,601.0,$335
2026-10-03,SIN,NRT,2027-03-21,2027-03-30,601.0,$335
2026-10-03,SIN,NRT,2027-03-18,2027-03-28,703.0,$273
2026-10-03,SIN,NRT,2027-03-19,2027-03-28,703.0,$273
2026-10-03,SIN,NRT,2027-03-22,2027-03-28,723.0,$293
2026-10-03,SIN,NRT,2027-03-20,2027-03-28,765.0,$335
2026-10-03,SIN,NRT,2027-03-21,2027-03-28,765.0,$335
2026-10-04,SIN,NRT,2027-03-18,2027-03-26,508.0,$273
2026-10-04,SIN,NRT,2027-03-19,2027-03-26,508.0,$273
2026-10-04,SIN,NRT,2027-03-22,2027-03-26,528.0,$293
2026-10-04,SIN,NRT,2027-03-18,2027-03-27,539.0,$273
2026-10-04,SIN,NRT,2027-03-18,2027-03-29,539.0,$273
2026-10-04,SIN,NRT,2027-03-18,2027-03-30,539.0,$273
2026-10-04,SIN,NRT,2027-03-19,2027-03-27,539.0,$273
2026-10-04,SIN,NRT,2027-03-19,2027-03-29,539.0,$273
2026-10-04,SIN,NRT,2027-03-19,2027-03-30,539.0,$273
2026-10-04,SIN,NRT,2027-03-22,2027-03-27,559.0,$293
2026-10-04,SIN,NRT,2027-03-22,2027-03-29,559.0,$293
2026-10-04,SIN,NRT,2027-03-22,2027-03-30,559.0,$293
2026-10-04,SIN,NRT,2027-03-20,2027-03-26,570.0,$335
2026-10-04,SIN,NRT,2027-03-21,2027-03-26,570.0,$335
2026-10-04,SIN,NRT,2027-03-20,2027-03-27,601.0,$335
2026-10-04,SIN,NRT,2027-03-20,2027-03-29,601.0,$335
2026-10-04,SIN,NRT,2027-03-20,2027-03-30,601.0,$335
2026-10-04,SIN,NRT,2027-03-21,2027-03-27,601.0,$335
2026-10-04,SIN,NRT,2027-03-21,2027-03-29,601.0,$335
2026-10-04,SIN,NRT,2027-03-21,2027-03-30,601.0,$335
2026-10-04,SIN,NRT,2027-03-18,2027-03-28,703.0,$273
2026-10-04,SIN,NRT,2027-03-19,2027-03-28,703.0,$273
2026-10-04,SIN,NRT,2027-03-22,2027-03-28,723.0,$293
2026-10-04,SIN,NRT,2027-03-20,2027-03-28,765.0,$335
2026-10-04,SIN,NRT,2027-03-21,2027-03-28,765.0,$335
2026-10-05,SIN,NRT,2027-03-18,2027-03-26,507.0,$272
2026-10-05,SIN,NRT,2027-03-19,2027-03-26,507.0,$272
2026-10-05,SIN,NRT,2027-03-22,2027-03-26,527.0,$292
2026-10-05,SIN,NRT,2027-03-18,2027-03-27,537.0,$272
2026-10-05,SIN,NRT,2027-03-18,2027-03-29,537.0,$272
2026-10-05,SIN,NRT,2027-03-18,2027-03-30,537.0,$272
2026-10-05,SIN,NRT,2027-03-19,2027-03-27,537.0,$272
2026-10-05,SIN,NRT,2027-03-19,2027-03-29,537.0,$272
2026-10-05,SIN,NRT,2027-03-19,2027-03-30,537.0,$272
2026-10-05,SIN,NRT,2027-03-22,2027-03-27,557.0,$292
2026-10-05,SIN,NRT,2027-03-22,2027-03-29,557.0,$292
2026-10-05,SIN,NRT,2027-03-22,2027-03-30,557.0,$292
2026-10-05,SIN,NRT,2027-03-20,2027-03-26,569.0,$334
2026-10-05,SIN,NRT,2027-03-21,2027-03-26,569.0,$334
2026-10-05,SIN,NRT,2027-03-20,2027-03-27,599.0,$334
2026-10-05,SIN,NRT,2027-03-20,2027-03-29,599.0,$334
2026-10-05,SIN,NRT,2027-03-20,2027-03-30,599.0,$334
2026-10-05,SIN,NRT,2027-03-21,2027-03-27,599.0,$334
2026-10-05,SIN,NRT,2027-03-21,2027-03-29,599.0,$334
2026-10-05,SIN,NRT,2027-03-21,2027-03-30,599.0,$334
2026-10-05,SIN,NRT,2027-03-18,2027-03-28,702.0,$272
2026-10-05,SIN,NRT,2027-03-19,2027-03-28,702.0,$272
2026-10-05,SIN,NRT,2027-03-22,2027-03-28,722.0,$292
2026-10-05,SIN,NRT,2027-03-20,2027-03-28,764.0,$334
2026-10-05,SIN,NRT,2027-03-21,2027-03-28,764.0,$334
2026-10-06,SIN,NRT,2027-03-18,2027-03-26,507.0,$272
2026-10-06,SIN,NRT,2027-03-19,2027-03-26,507.0,$272
2026-10-06,SIN,NRT,2027-03-22,2027-03-26,528.0,$293
2026-10-06,SIN,NRT,2027-03-18,2027-03-27,537.0,$272
2026-10-06,SIN,NRT,2027-03-18,2027-03-29,537.0,$272
2026-10-06,SIN,NRT,2027-03-18,2027-03-30,537.0,$272
2026-10-06,SIN,NRT,2027-03-19,2027-03-27,537.0,$272
2026-10-06,SIN,NRT,2027-03-19,2027-03-29,537.0,$272
2026-10-06,SIN,NRT,2027-03-19,2027-03-30,537.0,$272
2026-10-06,SIN,NRT,2027-03-22,2027-03-27,558.0,$293
2026-10-06,SIN,NRT,2027-03-22,2027-03-29,558.0,$293
2026-10-06,SIN,NRT,2027-03-22,2027-03-30,558.0,$293
2026-10-06,SIN,NRT,2027-03-20,2027-03-26,570.0,$335
2026-10-06,SIN,NRT,2027-03-21,2027-03-26,570.0,$335
2026-10-06,SIN,NRT,2027-03-20,2027-03-27,600.0,$335
2026-10-06,SIN,NRT,2027-03-20,2027-03-29,600.0,$335
2026-10-06,SIN,NRT,2027-03-20,2027-03-30,600.0,$335
2026-10-06,SIN,NRT,2027-03-21,2027-03-27,600.0,$335
2026-10-06,SIN,NRT,2027-03-21,2027-03-29,600.0,$335
2026-10-06,SIN,NRT,2027-03-21,2027-03-30,600.0,$335
2026-10-06,SIN,NRT,2027-03-18,2027-03-28,701.0,$272
2026-10-06,SIN,NRT,2027-03-19,2027-03-28,701.0,$272
2026-10-06,SIN,NRT,2027-03-22,2027-03-28,722.0,$293
2026-10-06,SIN,NRT,2027-03-20,2027-03-28,764.0,$335
2026-10-06,SIN,NRT,2027-03-21,2027-03-28,764.0,$335
